#Sunbury Line - To City,,,,,,,,,,,,,,,,,,,,,,,,
"# - : no train;  | : non-stop train (train goes through the station but does not stop, blank field (empty field) : train does not go through the station (e.g. morning dep from Flinders to suburbs does go through city loop)",,,,,,,,,,,,,,,,,,,,,,,,
#station,Sunbury,Diggers Rest,Watergardens,Keilor Plains,St Albans,Ginifer,Albion,Sunshine,Tottenham,West Footscray,Middle Footscray,Footscray,South Kensington,North Melbourne,Flagstaff,Melbourne Central,Parliament,Southern Cross,Flinders Street (ARR),Flinders Street (DEP),Parliament,Melbourne Central,Flagstaff,Southern Cross
t1,-,-,-,-,-,-,-,-,-,-,-,5:16,5:19,5:22,Ê,Ê,Ê,5:25,5:29,-,-,-,-,-
t2,-,-,-,-,-,-,-,-,-,-,-,5:21,5:24,5:27,Ê,Ê,Ê,5:30,5:34,-,-,-,-,-
t3,4:48,4:52,4:59,5:02,5:05,5:07,5:10,5:12,5:16,5:18,5:20,5:22,|,5:27,5:29,5:31,5:33,Ê,5:36,5:42,Ê,Ê,Ê,5:44
t4,5:06,5:10,5:17,5:20,5:23,5:25,5:28,5:30,5:34,5:36,5:38,5:40,|,5:45,5:47,5:49,5:51,Ê,5:54,5:57,Ê,Ê,Ê,5:59
t5,-,-,-,-,-,-,-,-,-,-,-,5:41,5:44,5:47,Ê,Ê,Ê,5:50,5:54,-,-,-,-,-
t6,-,-,-,-,-,-,-,-,-,-,-,5:51,5:54,5:57,Ê,Ê,Ê,6:00,6:04,-,-,-,-,-
t7,-,-,5:35,5:38,5:41,5:43,5:46,5:48,5:52,5:54,5:56,5:58,|,6:03,6:05,6:07,6:09,Ê,6:12,6:15,Ê,Ê,Ê,6:17
t8,-,-,-,-,-,-,-,-,-,-,-,6:02,6:05,6:08,Ê,Ê,Ê,6:11,6:15,-,-,-,-,-
t9,-,-,-,-,-,-,-,-,-,-,-,6:13,6:16,6:19,Ê,Ê,Ê,6:22,6:26,-,-,-,-,-
t10,5:42,5:46,5:53,5:56,5:59,6:01,6:04,6:06,6:10,6:12,6:14,6:16,|,6:21,6:23,6:25,6:27,Ê,6:30,6:33,Ê,Ê,Ê,6:35
t11,-,-,-,-,-,-,-,-,-,-,-,6:24,6:27,6:30,Ê,Ê,Ê,6:33,6:37,-,-,-,-,-
t12,-,-,6:11,6:14,6:17,6:19,6:22,6:24,6:28,6:30,6:32,6:34,|,6:39,6:41,6:43,6:45,Ê,6:48,-,-,-,-,-
t13,-,-,-,-,-,-,-,-,-,-,-,6:35,6:38,6:41,Ê,Ê,Ê,6:44,6:48,-,-,-,-,-
t14,-,-,-,-,-,-,-,-,-,-,-,6:46,6:49,6:52,Ê,Ê,Ê,6:55,6:59,-,-,-,-,-
t15,6:18,6:22,6:29,6:32,6:35,6:37,6:40,6:42,6:46,6:48,6:50,6:53,|,6:58,7:01,7:03,7:05,Ê,7:08,7:08,Ê,Ê,Ê,7:11
t16,-,-,-,-,-,-,-,-,-,-,-,6:56,|,7:02,Ê,Ê,Ê,7:06,7:10,-,-,-,-,-
t17,-,-,-,-,-,-,-,-,-,-,-,6:59,7:02,7:05,Ê,Ê,Ê,7:08,7:13,-,-,-,-,-
t18,-,-,6:38,6:41,6:44,6:46,6:49,6:51,6:55,6:57,6:59,7:02,|,7:07,7:10,7:12,7:14,Ê,7:17,7:20,Ê,Ê,Ê,7:23
t19,-,-,-,-,-,-,-,-,-,-,-,7:06,|,7:11,Ê,Ê,Ê,7:14,7:18,-,-,-,-,-
t20,-,-,-,-,-,-,-,-,-,-,-,7:09,7:12,7:15,Ê,Ê,Ê,7:18,7:22,-,-,-,-,-
t21,6:36,6:40,6:47,6:50,6:53,6:55,6:58,7:00,7:04,7:06,7:08,7:11,|,7:16,7:19,7:21,7:23,Ê,7:26,7:26,Ê,Ê,Ê,7:29
t22,-,-,-,-,-,-,-,-,-,-,-,7:18,|,7:23,Ê,Ê,Ê,7:26,7:30,-,-,-,-,-
t23,-,-,6:56,6:59,7:02,7:04,7:07,7:09,7:13,7:15,7:17,7:20,|,7:25,7:28,7:30,7:32,Ê,7:35,7:35,Ê,Ê,Ê,7:38
t24,-,-,-,-,-,-,-,-,-,-,-,7:21,7:24,7:27,Ê,Ê,Ê,7:30,7:34,-,-,-,-,-
t25,-,-,-,-,-,-,-,-,-,-,-,7:28,|,7:33,Ê,Ê,Ê,7:36,7:41,-,-,-,-,-
t26,6:54,6:58,7:05,7:08,7:11,7:13,7:16,7:18,|,|,|,7:28,|,7:33,7:36,7:38,7:40,Ê,7:44,7:44,Ê,Ê,Ê,7:47
t27,-,-,-,-,-,-,-,-,-,-,-,7:31,7:34,7:37,Ê,Ê,Ê,7:40,7:44,-,-,-,-,-
t28,-,-,7:11,7:14,7:17,7:19,7:22,7:24,7:28,7:30,7:32,7:35,|,7:40,7:43,7:45,7:47,Ê,7:50,-,-,-,-,-
t29,-,-,-,-,-,-,-,-,-,-,-,7:40,|,7:45,Ê,Ê,Ê,7:48,7:52,-,-,-,-,-
t30,7:06,7:10,7:17,7:20,7:23,7:25,7:28,7:30,|,|,|,7:40,|,7:45,7:48,7:50,7:52,Ê,7:56,7:56,Ê,Ê,Ê,7:59
t31,-,-,-,-,-,-,-,-,-,-,-,7:43,7:46,7:49,Ê,Ê,Ê,7:52,7:56,-,-,-,-,-
t32,-,-,7:23,7:26,7:29,7:31,7:34,7:36,7:40,7:42,7:44,7:47,|,7:52,7:55,7:57,7:59,Ê,8:02,8:02,Ê,Ê,Ê,8:05
t33,-,-,-,-,-,-,-,-,-,-,-,7:50,|,7:55,Ê,Ê,Ê,7:58,8:02,-,-,-,-,-
t34,7:18,7:22,7:29,7:32,7:35,7:37,7:40,7:42,|,|,|,7:52,|,7:57,8:00,8:02,8:04,Ê,8:08,8:08,Ê,Ê,Ê,8:11
t35,-,-,-,-,-,-,-,-,-,-,-,7:53,7:56,8:00,Ê,Ê,Ê,8:03,8:07,-,-,-,-,-
t36,-,-,7:35,7:38,7:41,7:43,7:46,7:48,7:52,7:54,7:56,7:59,|,8:04,8:07,8:09,8:11,Ê,8:14,8:14,Ê,Ê,Ê,8:17
t37,-,-,-,-,-,-,-,-,-,-,-,8:02,|,8:07,Ê,Ê,Ê,8:10,8:14,-,-,-,-,-
t38,7:30,7:34,7:41,7:44,7:47,7:49,7:52,7:54,|,|,|,8:04,|,8:09,8:12,8:14,8:16,Ê,8:20,8:20,Ê,Ê,Ê,8:23
t39,-,-,-,-,-,-,-,-,-,-,-,8:04,8:07,8:10,Ê,Ê,Ê,8:13,8:18,-,-,-,-,-
t40,-,-,7:47,7:50,7:53,7:55,7:58,8:00,8:04,8:06,8:08,8:11,|,8:16,8:19,8:21,8:23,Ê,8:26,-,-,-,-,-
t41,-,-,-,-,-,-,-,-,-,-,-,8:12,|,8:17,Ê,Ê,Ê,8:20,8:24,-,-,-,-,-
t42,-,-,-,-,-,-,-,-,-,-,-,8:15,8:18,8:21,Ê,Ê,Ê,8:24,8:28,-,-,-,-,-
t43,7:42,7:46,7:53,7:56,7:59,8:01,8:04,8:06,|,|,|,8:16,|,8:21,8:24,8:26,8:28,Ê,8:32,8:32,Ê,Ê,Ê,8:35
t44,-,-,7:59,8:02,8:05,8:07,8:10,8:13,8:17,8:19,8:21,8:23,|,8:28,8:31,8:33,8:35,Ê,8:38,8:38,Ê,Ê,Ê,8:41
t45,-,-,-,-,-,-,-,-,-,-,-,8:24,|,8:29,Ê,Ê,Ê,8:32,8:36,-,-,-,-,-
t46,-,-,-,-,-,-,-,-,-,-,-,8:27,8:30,8:34,Ê,Ê,Ê,8:37,8:41,-,-,-,-,-
t47,7:54,7:58,8:05,8:08,8:11,8:13,8:16,8:19,|,|,|,8:28,|,8:33,8:36,8:38,8:40,Ê,8:44,-,-,-,-,-
t48,-,-,-,-,-,-,-,-,-,-,-,8:34,|,8:39,Ê,Ê,Ê,8:42,8:46,-,-,-,-,-
t49,-,-,8:11,8:14,8:17,8:19,8:22,8:25,8:29,8:31,8:33,8:35,|,8:40,8:43,8:45,8:47,Ê,8:50,8:50,Ê,Ê,Ê,8:53
t50,-,-,-,-,-,-,-,-,-,-,-,8:37,8:40,8:43,Ê,Ê,Ê,8:46,8:50,-,-,-,-,-
t51,8:06,8:10,8:17,8:20,8:23,8:25,8:28,8:31,|,|,|,8:40,|,8:45,8:48,8:50,8:52,Ê,8:56,8:56,Ê,Ê,Ê,8:59
t52,-,-,-,-,-,-,-,-,-,-,-,8:46,|,8:51,Ê,Ê,Ê,8:54,8:58,-,-,-,-,-
t53,-,-,-,-,-,-,-,-,-,-,-,8:49,8:52,8:55,Ê,Ê,Ê,8:58,9:02,-,-,-,-,-
t54,-,-,8:26,8:29,8:32,8:34,8:37,8:40,8:44,8:46,8:48,8:50,|,8:55,8:58,9:00,9:02,Ê,9:05,-,-,-,-,-
t55,-,-,-,-,-,-,-,-,-,-,-,8:55,|,9:00,Ê,Ê,Ê,9:03,9:07,-,-,-,-,-
t56,8:24,8:28,8:35,8:38,8:41,8:43,8:46,8:49,8:53,8:55,8:57,8:59,|,9:04,9:07,9:09,9:11,Ê,9:14,9:14,Ê,Ê,Ê,9:17
t57,-,-,-,-,-,-,-,-,-,-,-,8:59,9:02,9:05,Ê,Ê,Ê,9:09,9:13,-,-,-,-,-
t58,-,-,-,-,-,-,-,-,-,-,-,9:08,|,9:13,Ê,Ê,Ê,9:16,9:20,-,-,-,-,-
t59,-,-,8:44,8:47,8:50,8:52,8:55,8:58,9:02,9:04,9:06,9:08,|,9:13,9:16,9:18,9:20,Ê,9:23,-,-,-,-,-
t60,-,-,-,-,-,-,-,-,-,-,-,9:10,9:13,9:16,Ê,Ê,Ê,9:19,9:23,-,-,-,-,-
t61,8:42,8:46,8:53,8:56,8:59,9:01,9:04,9:06,9:10,9:12,9:14,9:17,|,9:22,9:25,9:27,9:29,Ê,9:32,-,-,-,-,-
t62,-,-,-,-,-,-,-,-,-,-,-,9:17,|,9:23,Ê,Ê,Ê,9:26,9:30,-,-,-,-,-
t63,-,-,-,-,-,-,-,-,-,-,-,9:25,9:28,9:31,Ê,Ê,Ê,9:34,9:38,-,-,-,-,-
t64,-,-,-,-,-,-,-,-,-,-,-,9:35,|,9:40,Ê,Ê,Ê,9:43,9:47,-,-,-,-,-
t65,9:02,9:06,9:13,9:16,9:19,9:21,9:24,9:26,9:30,9:32,9:34,9:36,|,9:41,9:44,9:46,9:48,Ê,9:51,-,-,-,-,-
t66,-,-,-,-,-,-,-,-,-,-,-,9:41,9:44,9:47,Ê,Ê,Ê,9:50,9:54,-,-,-,-,-
t67,-,-,-,-,-,-,-,-,-,-,-,9:47,9:50,9:53,Ê,Ê,Ê,9:56,10:00,-,-,-,-,-
t68,-,-,9:31,9:34,9:37,9:39,9:42,9:44,9:48,9:50,9:52,9:54,|,9:59,10:02,10:04,10:06,Ê,10:09,10:12,Ê,Ê,Ê,10:14
t69,-,-,-,-,-,-,-,-,-,-,-,9:57,10:00,10:03,Ê,Ê,Ê,10:06,10:10,-,-,-,-,-
t70,-,-,-,-,-,-,-,-,-,-,-,10:07,10:10,10:13,Ê,Ê,Ê,10:16,10:20,-,-,-,-,-
t71,9:40,9:44,9:51,9:54,9:57,9:59,10:02,10:04,10:08,10:10,10:12,10:14,|,10:19,10:22,10:24,10:26,Ê,10:29,10:32,Ê,Ê,Ê,10:34
t72,-,-,-,-,-,-,-,-,-,-,-,10:17,10:20,10:23,Ê,Ê,Ê,10:26,10:30,-,-,-,-,-
t73,-,-,-,-,-,-,-,-,-,-,-,10:27,10:30,10:33,Ê,Ê,Ê,10:36,10:40,-,-,-,-,-
t74,-,-,10:11,10:14,10:17,10:19,10:22,10:24,10:28,10:30,10:32,10:34,|,10:39,10:42,10:44,10:46,Ê,10:49,10:52,Ê,Ê,Ê,10:54
t75,-,-,-,-,-,-,-,-,-,-,-,10:37,10:40,10:43,Ê,Ê,Ê,10:46,10:50,-,-,-,-,-
t76,-,-,-,-,-,-,-,-,-,-,-,10:47,10:50,10:53,Ê,Ê,Ê,10:56,11:00,-,-,-,-,-
t77,10:20,10:24,10:31,10:34,10:37,10:39,10:42,10:44,10:48,10:50,10:52,10:54,|,10:59,11:02,11:04,11:06,Ê,11:09,11:12,Ê,Ê,Ê,11:14
t78,-,-,-,-,-,-,-,-,-,-,-,10:57,11:00,11:03,Ê,Ê,Ê,11:06,11:10,-,-,-,-,-
t79,-,-,-,-,-,-,-,-,-,-,-,11:07,11:10,11:13,Ê,Ê,Ê,11:16,11:20,-,-,-,-,-
t80,-,-,10:51,10:54,10:57,10:59,11:02,11:04,11:08,11:10,11:12,11:14,|,11:19,11:22,11:24,11:26,Ê,11:29,11:32,Ê,Ê,Ê,11:34
t81,-,-,-,-,-,-,-,-,-,-,-,11:17,11:20,11:23,Ê,Ê,Ê,11:26,11:30,-,-,-,-,-
t82,-,-,-,-,-,-,-,-,-,-,-,11:27,11:30,11:33,Ê,Ê,Ê,11:36,11:40,-,-,-,-,-
t83,11:00,11:04,11:11,11:14,11:17,11:19,11:22,11:24,11:28,11:30,11:32,11:34,|,11:39,11:42,11:44,11:46,Ê,11:49,11:52,Ê,Ê,Ê,11:54
t84,-,-,-,-,-,-,-,-,-,-,-,11:37,11:40,11:43,Ê,Ê,Ê,11:46,11:50,-,-,-,-,-
t85,-,-,-,-,-,-,-,-,-,-,-,11:47,11:50,11:53,Ê,Ê,Ê,11:56,12:00,-,-,-,-,-
t86,-,-,11:31,11:34,11:37,11:39,11:42,11:44,11:48,11:50,11:52,11:54,|,11:59,12:02,12:04,12:06,Ê,12:09,12:12,Ê,Ê,Ê,12:14
t87,-,-,-,-,-,-,-,-,-,-,-,11:57,12:00,12:03,Ê,Ê,Ê,12:06,12:10,-,-,-,-,-
t88,-,-,-,-,-,-,-,-,-,-,-,12:07,12:10,12:13,Ê,Ê,Ê,12:16,12:20,-,-,-,-,-
t89,11:40,11:44,11:51,11:54,11:57,11:59,12:02,12:04,12:08,12:10,12:12,12:14,|,12:19,12:22,12:24,12:26,Ê,12:29,12:32,Ê,Ê,Ê,12:34
t90,-,-,-,-,-,-,-,-,-,-,-,12:17,12:20,12:23,Ê,Ê,Ê,12:26,12:30,-,-,-,-,-
t91,-,-,-,-,-,-,-,-,-,-,-,12:27,12:30,12:33,Ê,Ê,Ê,12:36,12:40,-,-,-,-,-
t92,-,-,12:11,12:14,12:17,12:19,12:22,12:24,12:28,12:30,12:32,12:34,|,12:39,12:42,12:44,12:46,Ê,12:49,-,-,-,-,-
t93,-,-,-,-,-,-,-,-,-,-,-,12:37,12:40,12:43,Ê,Ê,Ê,12:46,12:50,-,-,-,-,-
t94,-,-,-,-,-,-,-,-,-,-,-,12:47,12:50,12:53,Ê,Ê,Ê,12:56,13:00,-,-,-,-,-
t95,12:20,12:24,12:31,12:34,12:37,12:39,12:42,12:44,12:48,12:50,12:52,12:54,|,12:59,Ê,Ê,Ê,13:03,13:07,13:09,13:11,13:13,13:14,-
t96,-,-,-,-,-,-,-,-,-,-,-,12:57,13:00,13:03,Ê,Ê,Ê,13:06,13:10,-,-,-,-,-
t97,-,-,-,-,-,-,-,-,-,-,-,13:07,13:10,13:13,Ê,Ê,Ê,13:16,13:20,-,-,-,-,-
t98,-,-,12:51,12:54,12:57,12:59,13:02,13:04,13:08,13:10,13:12,13:14,|,13:19,Ê,Ê,Ê,13:23,13:27,13:29,13:31,13:33,13:34,-
t99,-,-,-,-,-,-,-,-,-,-,-,13:17,13:20,13:23,Ê,Ê,Ê,13:26,13:30,-,-,-,-,-
t100,-,-,-,-,-,-,-,-,-,-,-,13:27,13:30,13:33,Ê,Ê,Ê,13:36,13:40,-,-,-,-,-
t101,13:00,13:04,13:11,13:14,13:17,13:19,13:22,13:24,13:28,13:30,13:32,13:34,|,13:39,Ê,Ê,Ê,13:43,13:47,13:49,13:51,13:53,13:54,-
t102,-,-,-,-,-,-,-,-,-,-,-,13:37,13:40,13:43,Ê,Ê,Ê,13:46,13:50,-,-,-,-,-
t103,-,-,-,-,-,-,-,-,-,-,-,13:47,13:50,13:53,Ê,Ê,Ê,13:56,14:00,-,-,-,-,-
t104,-,-,13:31,13:34,13:37,13:39,13:42,13:44,13:48,13:50,13:52,13:54,|,13:59,Ê,Ê,Ê,14:03,14:07,14:09,14:11,14:13,14:14,-
t105,-,-,-,-,-,-,-,-,-,-,-,13:57,14:00,14:03,Ê,Ê,Ê,14:06,14:10,-,-,-,-,-
t106,-,-,-,-,-,-,-,-,-,-,-,14:07,14:10,14:13,Ê,Ê,Ê,14:16,14:20,-,-,-,-,-
t107,13:40,13:44,13:51,13:54,13:57,13:59,14:02,14:04,14:08,14:10,14:12,14:14,|,14:19,Ê,Ê,Ê,14:23,14:27,-,-,-,-,-
t108,-,-,-,-,-,-,-,-,-,-,-,14:17,14:20,14:23,Ê,Ê,Ê,14:26,14:30,-,-,-,-,-
t109,-,-,-,-,-,-,-,-,-,-,-,14:27,14:30,14:33,Ê,Ê,Ê,14:36,14:40,-,-,-,-,-
t110,-,-,14:11,14:14,14:17,14:19,14:22,14:24,14:28,14:30,14:32,14:34,|,14:39,Ê,Ê,Ê,14:43,14:47,14:49,14:51,14:53,14:54,-
t111,-,-,-,-,-,-,-,-,-,-,-,14:37,14:40,14:43,Ê,Ê,Ê,14:46,14:50,-,-,-,-,-
t112,-,-,-,-,-,-,-,-,-,-,-,14:47,14:50,14:53,Ê,Ê,Ê,14:56,15:00,-,-,-,-,-
t113,14:20,14:24,14:31,14:34,14:37,14:39,14:42,14:44,14:48,14:50,14:52,14:54,|,14:59,Ê,Ê,Ê,15:03,15:07,15:09,15:11,15:13,15:14,-
t114,-,-,-,-,-,-,-,-,-,-,-,14:57,15:00,15:03,Ê,Ê,Ê,15:06,15:10,-,-,-,-,-
t115,-,-,-,-,-,-,-,-,-,-,-,15:07,15:10,15:13,Ê,Ê,Ê,15:16,15:20,-,-,-,-,-
t116,-,-,14:51,14:54,14:57,14:59,15:02,15:04,15:08,15:10,15:12,15:14,|,15:19,Ê,Ê,Ê,15:22,15:27,15:27,15:29,15:31,15:32,-
t117,-,-,-,-,-,-,-,-,-,-,-,15:17,15:20,15:23,Ê,Ê,Ê,15:26,15:30,-,-,-,-,-
t118,-,-,-,-,-,-,-,-,-,-,-,15:27,15:30,15:33,Ê,Ê,Ê,15:36,15:40,-,-,-,-,-
t119,15:00,15:04,15:11,15:14,15:17,15:19,15:22,15:24,15:28,15:30,15:32,15:34,|,15:39,Ê,Ê,Ê,15:42,15:47,15:47,15:49,15:51,15:52,-
t120,-,-,-,-,-,-,-,-,-,-,-,15:37,15:40,15:43,Ê,Ê,Ê,15:46,15:50,-,-,-,-,-
t121,-,-,-,-,-,-,-,-,-,-,-,15:47,15:50,15:53,Ê,Ê,Ê,15:56,16:00,-,-,-,-,-
t122,-,-,15:31,15:34,15:37,15:39,15:42,15:44,15:48,15:50,15:52,15:54,|,15:59,Ê,Ê,Ê,16:02,16:06,-,-,-,-,-
t123,-,-,-,-,-,-,-,-,-,-,-,15:57,16:00,16:03,Ê,Ê,Ê,16:06,16:10,-,-,-,-,-
t124,-,-,-,-,-,-,-,-,-,-,-,16:07,16:10,16:13,Ê,Ê,Ê,16:16,16:20,-,-,-,-,-
t125,15:40,15:44,15:51,15:54,15:57,15:59,16:02,16:04,16:08,16:10,16:12,16:14,|,16:19,Ê,Ê,Ê,16:22,16:27,16:27,16:29,16:31,16:32,-
t126,-,-,-,-,-,-,-,-,-,-,-,16:17,16:20,16:23,Ê,Ê,Ê,16:26,16:30,-,-,-,-,-
t127,-,-,-,-,-,-,-,-,-,-,-,16:26,16:29,16:32,Ê,Ê,Ê,16:35,16:39,-,-,-,-,-
t128,-,-,16:11,16:14,16:17,16:19,16:22,16:24,16:28,16:30,16:32,16:34,|,16:39,Ê,Ê,Ê,16:44,16:50,16:50,16:52,16:54,16:55,-
t129,-,-,-,-,-,-,-,-,-,-,-,16:35,16:38,16:41,Ê,Ê,Ê,16:44,16:48,-,-,-,-,-
t130,16:14,|,|,|,|,|,|,|,|,|,|,|,|,|,Ê,Ê,Ê,16:52,16:58,-,-,-,-,-
t131,-,-,-,-,-,-,-,-,-,-,-,16:45,16:48,16:51,Ê,Ê,Ê,16:54,16:58,-,-,-,-,-
t132,-,-,16:28,16:31,16:34,16:36,16:39,16:41,16:45,16:47,16:49,16:51,|,16:56,Ê,Ê,Ê,17:01,17:07,17:07,17:09,17:11,17:12,-
t133,-,-,-,-,-,-,-,-,-,-,-,16:53,|,16:59,Ê,Ê,Ê,17:02,17:07,-,-,-,-,-
t134,16:20,16:24,16:31,16:34,16:37,16:39,16:42,16:44,16:48,16:50,16:52,16:54,|,16:59,Ê,Ê,Ê,17:04,17:10,17:10,17:12,17:14,17:15,-
t135,-,-,-,-,-,-,-,-,-,-,-,16:58,17:01,17:04,Ê,Ê,Ê,17:07,17:11,-,-,-,-,-
t136,-,-,-,-,-,-,-,-,-,-,-,17:08,17:11,17:14,Ê,Ê,Ê,17:17,17:21,-,-,-,-,-
t137,-,-,-,-,-,-,-,-,-,-,-,17:13,|,17:19,Ê,Ê,Ê,17:22,17:27,-,-,-,-,-
t138,-,-,16:51,16:54,16:57,16:59,17:02,17:04,17:08,17:10,17:12,17:14,|,17:19,Ê,Ê,Ê,17:24,17:29,-,-,-,-,-
t139,-,-,-,-,-,-,-,-,-,-,-,17:18,17:21,17:24,Ê,Ê,Ê,17:28,17:33,-,-,-,-,-
t140,-,-,-,-,-,-,-,-,-,-,-,17:26,17:29,17:32,Ê,Ê,Ê,17:35,17:40,-,-,-,-,-
t141,-,-,-,-,-,-,-,-,-,-,-,17:32,17:35,17:38,Ê,Ê,Ê,17:41,17:47,-,-,-,-,-
t142,17:00,17:04,17:11,17:14,17:17,17:19,17:22,17:24,17:28,17:30,17:32,17:34,|,17:39,Ê,Ê,Ê,17:44,17:50,17:50,17:52,17:54,17:55,-
t143,-,-,-,-,-,-,-,-,-,-,-,17:36,17:39,17:42,Ê,Ê,Ê,17:45,17:49,-,-,-,-,-
t144,-,-,-,-,-,-,-,-,-,-,-,17:39,17:42,17:45,Ê,Ê,Ê,17:48,17:52,-,-,-,-,-
t145,-,-,-,-,-,-,-,-,-,-,-,17:45,17:48,17:51,Ê,Ê,Ê,17:54,17:58,-,-,-,-,-
t146,-,-,-,-,-,-,-,-,-,-,-,17:48,17:51,17:54,Ê,Ê,Ê,17:57,18:01,-,-,-,-,-
t147,-,-,17:31,17:34,17:37,17:39,17:42,17:44,17:48,17:50,17:52,17:54,|,17:59,Ê,Ê,Ê,18:02,18:07,18:07,18:09,18:11,18:12,-
t148,-,-,-,-,-,-,-,-,-,-,-,17:55,17:58,18:01,Ê,Ê,Ê,18:04,18:08,-,-,-,-,-
t149,-,-,-,-,-,-,-,-,-,-,-,17:59,|,18:05,Ê,Ê,Ê,18:08,18:14,-,-,-,-,-
t150,-,-,17:38,17:41,17:44,17:46,17:49,17:51,17:55,17:57,17:59,18:01,|,18:08,Ê,Ê,Ê,18:13,18:19,18:19,18:21,18:23,18:24,-
t151,-,-,-,-,-,-,-,-,-,-,-,18:07,18:10,18:13,Ê,Ê,Ê,18:16,18:20,-,-,-,-,-
t152,-,-,-,-,-,-,-,-,-,-,-,18:10,|,18:16,Ê,Ê,Ê,18:19,18:23,-,-,-,-,-
t153,17:40,17:44,17:51,17:54,17:57,17:59,18:02,18:04,18:08,18:10,18:12,18:14,|,18:19,Ê,Ê,Ê,18:22,18:27,18:27,18:29,18:31,18:32,-
t154,-,-,-,-,-,-,-,-,-,-,-,18:15,18:18,18:21,Ê,Ê,Ê,18:24,18:28,-,-,-,-,-
t155,-,-,-,-,-,-,-,-,-,-,-,18:21,|,18:27,Ê,Ê,Ê,18:30,18:34,-,-,-,-,-
t156,-,-,-,-,-,-,-,-,-,-,-,18:29,18:32,18:35,Ê,Ê,Ê,18:38,18:42,-,-,-,-,-
t157,-,-,18:11,18:14,18:17,18:19,18:22,18:24,18:28,18:30,18:32,18:34,|,18:39,Ê,Ê,Ê,18:42,18:46,-,-,-,-,-
t158,-,-,-,-,-,-,-,-,-,-,-,18:37,18:40,18:43,Ê,Ê,Ê,18:46,18:50,-,-,-,-,-
t159,-,-,18:20,18:23,18:26,18:28,18:31,18:33,18:37,18:39,18:41,18:43,|,18:48,Ê,Ê,Ê,18:53,18:58,-,-,-,-,-
t160,-,-,-,-,-,-,-,-,-,-,-,18:44,|,18:50,Ê,Ê,Ê,18:53,18:57,-,-,-,-,-
t161,-,-,-,-,-,-,-,-,-,-,-,18:51,18:54,18:57,Ê,Ê,Ê,19:00,19:04,-,-,-,-,-
t162,18:20,18:24,18:31,18:34,18:37,18:39,18:42,18:44,18:48,18:50,18:52,18:54,|,18:59,Ê,Ê,Ê,19:02,19:06,-,-,-,-,-
t163,-,-,-,-,-,-,-,-,-,-,-,18:59,19:02,19:05,Ê,Ê,Ê,19:08,19:12,-,-,-,-,-
t164,-,-,-,-,-,-,-,-,-,-,-,19:04,|,19:10,Ê,Ê,Ê,19:13,19:18,-,-,-,-,-
t165,-,-,-,-,-,-,-,-,-,-,-,19:09,|,19:15,Ê,Ê,Ê,19:18,19:22,-,-,-,-,-
t166,-,-,18:51,18:54,18:57,18:59,19:02,19:04,19:08,19:10,19:12,19:14,|,19:19,Ê,Ê,Ê,19:22,19:26,-,-,-,-,-
t167,-,-,-,-,-,-,-,-,-,-,-,19:20,19:23,19:26,Ê,Ê,Ê,19:29,19:33,-,-,-,-,-
t168,-,-,-,-,-,-,-,-,-,-,-,19:32,19:35,19:38,Ê,Ê,Ê,19:41,19:45,-,-,-,-,-
t169,19:00,19:04,19:11,19:14,19:17,19:19,19:22,19:24,19:28,19:30,19:32,19:34,|,19:39,Ê,Ê,Ê,19:42,19:46,-,-,-,-,-
t170,-,-,-,-,-,-,-,-,-,-,-,19:42,|,19:48,Ê,Ê,Ê,19:51,19:55,-,-,-,-,-
t171,-,-,-,-,-,-,-,-,-,-,-,19:49,19:52,19:55,Ê,Ê,Ê,19:58,20:02,-,-,-,-,-
t172,-,-,19:41,19:44,19:47,19:49,19:52,19:54,19:58,20:00,20:02,20:04,|,20:09,Ê,Ê,Ê,20:12,20:16,-,-,-,-,-
t173,-,-,-,-,-,-,-,-,-,-,-,20:09,20:12,20:15,Ê,Ê,Ê,20:18,20:22,-,-,-,-,-
t174,-,-,-,-,-,-,-,-,-,-,-,20:29,20:32,20:35,Ê,Ê,Ê,20:38,20:42,-,-,-,-,-
t175,20:00,20:04,20:11,20:14,20:17,20:19,20:22,20:24,20:28,20:30,20:32,20:34,|,20:39,Ê,Ê,Ê,20:42,20:46,20:58,21:00,21:02,21:03,-
t176,-,-,-,-,-,-,-,-,-,-,-,20:49,20:52,20:55,Ê,Ê,Ê,20:58,21:02,-,-,-,-,-
t177,-,-,20:41,20:44,20:47,20:49,20:52,20:54,20:58,21:00,21:02,21:04,|,21:09,Ê,Ê,Ê,21:12,21:16,21:28,21:30,21:32,21:33,-
t178,-,-,-,-,-,-,-,-,-,-,-,21:09,21:12,21:15,Ê,Ê,Ê,21:18,21:22,-,-,-,-,-
t179,-,-,-,-,-,-,-,-,-,-,-,21:32,21:35,21:38,Ê,Ê,Ê,21:41,21:45,-,-,-,-,-
t180,21:00,21:04,21:11,21:14,21:17,21:19,21:22,21:24,21:28,21:30,21:32,21:34,|,21:39,Ê,Ê,Ê,21:42,21:46,-,-,-,-,-
t181,-,-,-,-,-,-,-,-,-,-,-,21:51,21:54,21:57,Ê,Ê,Ê,22:00,22:04,-,-,-,-,-
t182,-,-,21:41,21:44,21:47,21:49,21:52,21:54,21:58,22:00,22:02,22:04,|,22:09,Ê,Ê,Ê,22:12,22:16,22:28,22:30,22:32,22:33,-
t183,-,-,-,-,-,-,-,-,-,-,-,22:11,22:14,22:17,Ê,Ê,Ê,22:20,22:24,-,-,-,-,-
t184,-,-,-,-,-,-,-,-,-,-,-,22:30,22:33,22:36,Ê,Ê,Ê,22:39,22:43,-,-,-,-,-
t185,22:05,22:09,22:16,22:19,22:22,22:24,22:27,22:29,22:33,22:35,22:37,22:39,|,22:44,Ê,Ê,Ê,22:47,22:51,-,-,-,-,-
t186,-,-,-,-,-,-,-,-,-,-,-,22:58,23:01,23:04,Ê,Ê,Ê,23:07,23:11,-,-,-,-,-
t187,-,-,22:41,22:44,22:47,22:49,22:52,22:54,22:58,23:00,23:02,23:04,|,23:09,Ê,Ê,Ê,23:12,23:16,-,-,-,-,-
t188,-,-,-,-,-,-,-,-,-,-,-,23:28,23:31,23:34,Ê,Ê,Ê,23:37,23:41,-,-,-,-,-
t189,23:00,23:04,23:11,23:14,23:17,23:19,23:22,23:24,23:28,23:30,23:32,23:34,|,23:39,Ê,Ê,Ê,23:42,23:46,23:58,0:00,0:02,0:03,-
t190,-,-,-,-,-,-,-,-,-,-,-,23:58,0:01,0:04,Ê,Ê,Ê,0:07,0:11,-,-,-,-,-
t191,23:30,23:34,23:41,23:44,23:47,23:49,23:52,23:54,23:58,0:00,0:02,0:04,|,0:09,Ê,Ê,Ê,0:12,0:16,0:28,0:30,0:32,0:33,-
